id,answer_id,url
1,5,"https://images.unsplash.com/photo-1530519729491-aea5b51d1ee1?ixlib=rb-1.2.1&ixid=eyJhcHBfaWQiOjEyMDd9&auto=format&fit=crop&w=1651&q=80"
2,5,"https://images.unsplash.com/photo-1511127088257-53ccfcc769fa?ixlib=rb-1.2.1&ixid=eyJhcHBfaWQiOjEyMDd9&auto=format&fit=crop&w=1650&q=80"
3,5,"https://images.unsplash.com/photo-1500603720222-eb7a1f997356?ixlib=rb-1.2.1&ixid=eyJhcHBfaWQiOjEyMDd9&auto=format&fit=crop&w=1653&q=80"
4,9,"https://images.unsplash.com/photo-1463143217634-f1089c4b3cc4?ixlib=rb-1.2.1&ixid=eyJhcHBfaWQiOjEyMDd9&auto=format&fit=crop&w=1650&q=80"
5,9,"https://images.unsplash.com/photo-1421780791481-c5fb9d369db7?ixlib=rb-1.2.1&ixid=eyJhcHBfaWQiOjEyMDd9&auto=format&fit=crop&w=1650&q=80"
6,9,"https://images.unsplash.com/photo-1420824471541-fe7e0ae0baa4?ixlib=rb-1.2.1&ixid=eyJhcHBfaWQiOjEyMDd9&auto=format&fit=crop&w=1567&q=80"
8,10,"https://images.unsplash.com/photo-1469504512102-900f29606341?ixlib=rb-1.2.1&ixid=eyJhcHBfaWQiOjEyMDd9&auto=format&fit=crop&w=668&q=80"
7,10,"https://images.unsplash.com/photo-1510551310160-589462daf284?ixlib=rb-1.2.1&ixid=eyJhcHBfaWQiOjEyMDd9&auto=format&fit=crop&w=1649&q=80"
9,13,"https://images.unsplash.com/photo-1526880792616-4217886b9dc2?ixlib=rb-1.2.1&ixid=eyJhcHBfaWQiOjEyMDd9&auto=format&fit=crop&w=975&q=80"
10,13,"https://images.unsplash.com/photo-1496417263034-38ec4f0b665a?ixlib=rb-1.2.1&ixid=eyJhcHBfaWQiOjEyMDd9&auto=format&fit=crop&w=1651&q=80"
11,26,"https://images.unsplash.com/photo-1477823986828-5aff156284aa?ixlib=rb-1.2.1&ixid=eyJhcHBfaWQiOjEyMDd9&auto=format&fit=crop&w=2089&q=80"
12,29,"https://images.unsplash.com/photo-1528318269466-69d920af5dad?ixlib=rb-1.2.1&ixid=eyJhcHBfaWQiOjEyMDd9&auto=format&fit=crop&w=1650&q=80"
13,30,"https://images.unsplash.com/photo-1528318269466-69d920af5dad?ixlib=rb-1.2.1&ixid=eyJhcHBfaWQiOjEyMDd9&auto=format&fit=crop&w=1650&q=80"
14,65,"https://images.unsplash.com/photo-1470116892389-0de5d9770b2c?ixlib=rb-1.2.1&ixid=eyJhcHBfaWQiOjEyMDd9&auto=format&fit=crop&w=1567&q=80"
15,65,"https://images.unsplash.com/photo-1536922645426-5d658ab49b81?ixlib=rb-1.2.1&ixid=eyJhcHBfaWQiOjEyMDd9&auto=format&fit=crop&w=1650&q=80"
16,78,"https://images.unsplash.com/photo-1543852786-1cf6624b9987?ixlib=rb-1.2.1&ixid=eyJhcHBfaWQiOjEyMDd9&auto=format&fit=crop&w=668&q=80"
17,81,"https://images.unsplash.com/photo-1548430395-ec39eaf2aa1a?ixlib=rb-1.2.1&ixid=eyJhcHBfaWQiOjEyMDd9&auto=format&fit=crop&w=1974&q=80"
18,116,"https://images.unsplash.com/photo-1426647451887-5f2be01918a9?ixlib=rb-1.2.1&auto=format&fit=crop&w=1650&q=80"
19,117,"https://images.unsplash.com/photo-1426647451887-5f2be01918a9?ixlib=rb-1.2.1&auto=format&fit=crop&w=1650&q=80"
20,118,"https://images.unsplash.com/photo-1454177643390-7f100d1bbeec?ixlib=rb-1.2.1&ixid=eyJhcHBfaWQiOjEyMDd9&auto=format&fit=crop&w=1650&q=80"
21,124,"https://images.unsplash.com/photo-1553981834-a23f5b69e3ec?ixlib=rb-1.2.1&ixid=eyJhcHBfaWQiOjEyMDd9&auto=format&fit=crop&w=1650&q=80"
22,129,"https://images.unsplash.com/photo-1523296357416-a4b3c4b9ee65?ixlib=rb-1.2.1&ixid=eyJhcHBfaWQiOjEyMDd9&auto=format&fit=crop&w=1650&q=80"
23,130,"https://images.unsplash.com/photo-1507920676663-3b72429774ff?ixlib=rb-1.2.1&auto=format&fit=crop&w=1567&q=80"
24,132,"https://images.unsplash.com/photo-1554774853-d50f9c681ae2?ixlib=rb-1.2.1&ixid=eyJhcHBfaWQiOjEyMDd9&auto=format&fit=crop&w=1651&q=80"
25,134,"https://images.unsplash.com/photo-1557760257-b02421ae77fe?ixlib=rb-1.2.1&ixid=eyJhcHBfaWQiOjEyMDd9&auto=format&fit=crop&w=2089&q=80"
26,137,"https://images.unsplash.com/photo-1562542119-19d015b93c45?ixlib=rb-1.2.1&ixid=eyJhcHBfaWQiOjEyMDd9&auto=format&fit=crop&w=2057&q=80"
27,139,"https://images.unsplash.com/photo-1548133464-29abc661eb5c?ixlib=rb-1.2.1&ixid=eyJhcHBfaWQiOjEyMDd9&auto=format&fit=crop&w=668&q=80"
28,142,"https://images.unsplash.com/photo-1511499008188-de491bbbae98?ixlib=rb-1.2.1&auto=format&fit=crop&w=988&q=80"
29,147,"https://images.unsplash.com/photo-1517278322228-3fe7a86cf6f0?ixlib=rb-1.2.1&auto=format&fit=crop&w=1567&q=80"
30,150,"https://images.unsplash.com/photo-1522032238811-74bc59578599?ixlib=rb-1.2.1&auto=format&fit=crop&w=1567&q=80"
31,154,"https://images.unsplash.com/photo-1553830591-2f39e38a013c?ixlib=rb-1.2.1&auto=format&fit=crop&w=2760&q=80"
32,157,"https://images.unsplash.com/photo-1544376664-80b17f09d399?ixlib=rb-1.2.1&ixid=eyJhcHBfaWQiOjEyMDd9&auto=format&fit=crop&w=1525&q=80"
33,159,"https://images.unsplash.com/photo-1544376664-80b17f09d399?ixlib=rb-1.2.1&ixid=eyJhcHBfaWQiOjEyMDd9&auto=format&fit=crop&w=1525&q=80"
34,160,"https://images.unsplash.com/photo-1477420143023-6a0e0b04b69a?ixlib=rb-1.2.1&ixid=eyJhcHBfaWQiOjEyMDd9&auto=format&fit=crop&w=1650&q=80"
35,163,"https://images.unsplash.com/photo-1534011546717-407bced4d25c?ixlib=rb-1.2.1&ixid=eyJhcHBfaWQiOjEyMDd9&auto=format&fit=crop&w=2734&q=80"
36,164,"https://images.unsplash.com/photo-1526113438757-122d6d54da4e?ixlib=rb-1.2.1&auto=format&fit=crop&w=1563&q=80"
37,168,"https://images.unsplash.com/photo-1524604519054-2365ac11e431?ixlib=rb-1.2.1&ixid=eyJhcHBfaWQiOjEyMDd9&auto=format&fit=crop&w=975&q=80"
38,173,"https://images.unsplash.com/photo-1513531926349-466f15ec8cc7?ixlib=rb-1.2.1&ixid=eyJhcHBfaWQiOjEyMDd9&auto=format&fit=crop&w=1650&q=80"
39,176,"https://images.unsplash.com/photo-1503449377594-32dd9ac4467c?ixlib=rb-1.2.1&ixid=eyJhcHBfaWQiOjEyMDd9&auto=format&fit=crop&w=1651&q=80"
40,177,"https://images.unsplash.com/photo-1535639818669-c059d2f038e6?ixlib=rb-1.2.1&ixid=eyJhcHBfaWQiOjEyMDd9&auto=format&fit=crop&w=668&q=80"
41,182,"https://images.unsplash.com/photo-1519098635131-4c8f806d1e82?ixlib=rb-1.2.1&auto=format&fit=crop&w=1650&q=80"
42,185,"https://images.unsplash.com/photo-1556268652-ad74ebb8f1e7?ixlib=rb-1.2.1&auto=format&fit=crop&w=1650&q=80"
43,186,"https://images.unsplash.com/photo-1462833867037-0f06eab31cc4?ixlib=rb-1.2.1&ixid=eyJhcHBfaWQiOjEyMDd9&auto=format&fit=crop&w=2850&q=80"
44,189,"https://images.unsplash.com/photo-1526948128573-703ee1aeb6fa?ixlib=rb-1.2.1&auto=format&fit=crop&w=1650&q=80"
45,190,"https://images.unsplash.com/photo-1519862170344-6cd5e49cb996?ixlib=rb-1.2.1&ixid=eyJhcHBfaWQiOjEyMDd9&auto=format&fit=crop&w=1650&q=80"
46,191,"https://images.unsplash.com/photo-1511499008188-de491bbbae98?ixlib=rb-1.2.1&auto=format&fit=crop&w=988&q=80"
47,192,"https://images.unsplash.com/photo-1517720359744-6d12f8a09b10?ixlib=rb-1.2.1&ixid=eyJhcHBfaWQiOjEyMDd9&auto=format&fit=crop&w=1567&q=80"
48,194,"https://images.unsplash.com/photo-1482876555840-f31c5ebbff1c?ixlib=rb-1.2.1&ixid=eyJhcHBfaWQiOjEyMDd9&auto=format&fit=crop&w=1651&q=80"
49,197,"https://images.unsplash.com/photo-1526113438757-122d6d54da4e?ixlib=rb-1.2.1&auto=format&fit=crop&w=1563&q=80"
50,198,"https://images.unsplash.com/photo-1498168208808-4c2706938a2f?ixlib=rb-1.2.1&ixid=eyJhcHBfaWQiOjEyMDd9&auto=format&fit=crop&w=1001&q=80"
51,202,"https://images.unsplash.com/photo-1482876555840-f31c5ebbff1c?ixlib=rb-1.2.1&ixid=eyJhcHBfaWQiOjEyMDd9&auto=format&fit=crop&w=1651&q=80"
52,203,"https://images.unsplash.com/photo-1544441892-794166f1e3be?ixlib=rb-1.2.1&auto=format&fit=crop&w=1650&q=80"
53,209,"https://images.unsplash.com/photo-1517720359744-6d12f8a09b10?ixlib=rb-1.2.1&ixid=eyJhcHBfaWQiOjEyMDd9&auto=format&fit=crop&w=1567&q=80"
54,219,"https://images.unsplash.com/photo-1482876555840-f31c5ebbff1c?ixlib=rb-1.2.1&ixid=eyJhcHBfaWQiOjEyMDd9&auto=format&fit=crop&w=1651&q=80"
55,222,"https://images.unsplash.com/photo-1557394976-32cc983558ba?ixlib=rb-1.2.1&ixid=eyJhcHBfaWQiOjEyMDd9&auto=format&fit=crop&w=1000&q=80"
56,226,"https://images.unsplash.com/photo-1553830591-2f39e38a013c?ixlib=rb-1.2.1&auto=format&fit=crop&w=2760&q=80"
57,229,"https://images.unsplash.com/photo-1557804506-669a67965ba0?ixlib=rb-1.2.1&ixid=eyJhcHBfaWQiOjEyMDd9&auto=format&fit=crop&w=1567&q=80"
58,238,"https://images.unsplash.com/photo-1517278322228-3fe7a86cf6f0?ixlib=rb-1.2.1&auto=format&fit=crop&w=1567&q=80"
59,240,"https://images.unsplash.com/photo-1507920676663-3b72429774ff?ixlib=rb-1.2.1&auto=format&fit=crop&w=1567&q=80"
60,241,"https://images.unsplash.com/photo-1560567546-4c6dbc16877b?ixlib=rb-1.2.1&ixid=eyJhcHBfaWQiOjEyMDd9&auto=format&fit=crop&w=668&q=80"
61,244,"https://images.unsplash.com/photo-1517720359744-6d12f8a09b10?ixlib=rb-1.2.1&ixid=eyJhcHBfaWQiOjEyMDd9&auto=format&fit=crop&w=1567&q=80"
62,246,"https://images.unsplash.com/photo-1527431016-15eb83515018?ixlib=rb-1.2.1&ixid=eyJhcHBfaWQiOjEyMDd9&auto=format&fit=crop&w=1100&q=80"
63,251,"https://images.unsplash.com/photo-1554774853-d50f9c681ae2?ixlib=rb-1.2.1&ixid=eyJhcHBfaWQiOjEyMDd9&auto=format&fit=crop&w=1651&q=80"
64,252,"https://images.unsplash.com/photo-1532244769164-ff64ddeefa45?ixlib=rb-1.2.1&ixid=eyJhcHBfaWQiOjEyMDd9&auto=format&fit=crop&w=1650&q=80"
65,253,"https://images.unsplash.com/photo-1531889947080-bc5693ae9fa4?ixlib=rb-1.2.1&ixid=eyJhcHBfaWQiOjEyMDd9&auto=format&fit=crop&w=2734&q=80"
66,262,"https://images.unsplash.com/photo-1542280756-74b2f55e73ab?ixlib=rb-1.2.1&auto=format&fit=crop&w=1650&q=80"
67,265,"https://images.unsplash.com/photo-1544701758-5241eb611a48?ixlib=rb-1.2.1&ixid=eyJhcHBfaWQiOjEyMDd9&auto=format&fit=crop&w=1650&q=80"
68,267,"https://images.unsplash.com/photo-1483056293146-9eac9521932f?ixlib=rb-1.2.1&ixid=eyJhcHBfaWQiOjEyMDd9&auto=format&fit=crop&w=2850&q=80"
69,271,"https://images.unsplash.com/photo-1551506448-074afa034c05?ixlib=rb-1.2.1&ixid=eyJhcHBfaWQiOjEyMDd9&auto=format&fit=crop&w=938&q=80"
70,273,"https://images.unsplash.com/photo-1561861422-a549073e547a?ixlib=rb-1.2.1&ixid=eyJhcHBfaWQiOjEyMDd9&auto=format&fit=crop&w=668&q=80"
71,274,"https://images.unsplash.com/photo-1430390456011-25ac9244999c?ixlib=rb-1.2.1&ixid=eyJhcHBfaWQiOjEyMDd9&auto=format&fit=crop&w=668&q=80"
72,276,"https://images.unsplash.com/photo-1421941027568-40ab08ee5592?ixlib=rb-1.2.1&ixid=eyJhcHBfaWQiOjEyMDd9&auto=format&fit=crop&w=1651&q=80"
73,279,"https://images.unsplash.com/photo-1513531926349-466f15ec8cc7?ixlib=rb-1.2.1&ixid=eyJhcHBfaWQiOjEyMDd9&auto=format&fit=crop&w=1650&q=80"
74,282,"https://images.unsplash.com/photo-1529108750117-bcbad8bd25dd?ixlib=rb-1.2.1&ixid=eyJhcHBfaWQiOjEyMDd9&auto=format&fit=crop&w=662&q=80"
75,286,"https://images.unsplash.com/photo-1477420143023-6a0e0b04b69a?ixlib=rb-1.2.1&ixid=eyJhcHBfaWQiOjEyMDd9&auto=format&fit=crop&w=1650&q=80"
76,289,"https://images.unsplash.com/photo-1470282312847-28b943046dc1?ixlib=rb-1.2.1&auto=format&fit=crop&w=1652&q=80"
77,290,"https://images.unsplash.com/photo-1519689373023-dd07c7988603?ixlib=rb-1.2.1&ixid=eyJhcHBfaWQiOjEyMDd9&auto=format&fit=crop&w=668&q=80"
78,292,"https://images.unsplash.com/photo-1513531926349-466f15ec8cc7?ixlib=rb-1.2.1&ixid=eyJhcHBfaWQiOjEyMDd9&auto=format&fit=crop&w=1650&q=80"
79,294,"https://images.unsplash.com/photo-1507920676663-3b72429774ff?ixlib=rb-1.2.1&auto=format&fit=crop&w=1567&q=80"
80,301,"https://images.unsplash.com/photo-1544701758-5241eb611a48?ixlib=rb-1.2.1&ixid=eyJhcHBfaWQiOjEyMDd9&auto=format&fit=crop&w=1650&q=80"
81,305,"https://images.unsplash.com/photo-1519241978701-4302ab53de1b?ixlib=rb-1.2.1&ixid=eyJhcHBfaWQiOjEyMDd9&auto=format&fit=crop&w=1000&q=80"
82,306,"https://images.unsplash.com/photo-1517278322228-3fe7a86cf6f0?ixlib=rb-1.2.1&auto=format&fit=crop&w=1567&q=80"
83,312,"https://images.unsplash.com/photo-1555274175-6cbf6f3b137b?ixlib=rb-1.2.1&auto=format&fit=crop&w=1650&q=80"
84,313,"https://images.unsplash.com/photo-1544376664-80b17f09d399?ixlib=rb-1.2.1&ixid=eyJhcHBfaWQiOjEyMDd9&auto=format&fit=crop&w=1525&q=80"
85,314,"https://images.unsplash.com/photo-1519689373023-dd07c7988603?ixlib=rb-1.2.1&ixid=eyJhcHBfaWQiOjEyMDd9&auto=format&fit=crop&w=668&q=80"
86,317,"https://images.unsplash.com/photo-1556812191-381c7e7d96d6?ixlib=rb-1.2.1&ixid=eyJhcHBfaWQiOjEyMDd9&auto=format&fit=crop&w=2982&q=80"
87,318,"https://images.unsplash.com/photo-1485646979142-d4abb57a876f?ixlib=rb-1.2.1&ixid=eyJhcHBfaWQiOjEyMDd9&auto=format&fit=crop&w=2089&q=80"
88,322,"https://images.unsplash.com/photo-1486025402772-bc179c8dfb0e?ixlib=rb-1.2.1&ixid=eyJhcHBfaWQiOjEyMDd9&auto=format&fit=crop&w=1650&q=80"
89,323,"https://images.unsplash.com/photo-1562542082-519ebcdb43e6?ixlib=rb-1.2.1&ixid=eyJhcHBfaWQiOjEyMDd9&auto=format&fit=crop&w=2057&q=80"
90,325,"https://images.unsplash.com/photo-1526113438757-122d6d54da4e?ixlib=rb-1.2.1&auto=format&fit=crop&w=1563&q=80"
91,326,"https://images.unsplash.com/photo-1507920676663-3b72429774ff?ixlib=rb-1.2.1&auto=format&fit=crop&w=1567&q=80"
92,328,"https://images.unsplash.com/photo-1534960680480-ca9853707e10?ixlib=rb-1.2.1&ixid=eyJhcHBfaWQiOjEyMDd9&auto=format&fit=crop&w=2384&q=80"
93,329,"https://images.unsplash.com/uploads/1412198532414025532c0/6a31309c?ixlib=rb-1.2.1&ixid=eyJhcHBfaWQiOjEyMDd9&auto=format&fit=crop&w=1600&q=80"
94,331,"https://images.unsplash.com/photo-1531091087823-cb600a47ab79?ixlib=rb-1.2.1&auto=format&fit=crop&w=668&q=80"
95,332,"https://images.unsplash.com/photo-1426647451887-5f2be01918a9?ixlib=rb-1.2.1&auto=format&fit=crop&w=1650&q=80"
96,334,"https://images.unsplash.com/photo-1469617833234-8a6843da14d0?ixlib=rb-1.2.1&auto=format&fit=crop&w=2764&q=80"
97,337,"https://images.unsplash.com/photo-1519330377309-9ee1c6783348?ixlib=rb-1.2.1&ixid=eyJhcHBfaWQiOjEyMDd9&auto=format&fit=crop&w=668&q=80"
98,339,"https://images.unsplash.com/photo-1503449377594-32dd9ac4467c?ixlib=rb-1.2.1&ixid=eyJhcHBfaWQiOjEyMDd9&auto=format&fit=crop&w=1651&q=80"
99,341,"https://images.unsplash.com/photo-1526948128573-703ee1aeb6fa?ixlib=rb-1.2.1&auto=format&fit=crop&w=1650&q=80"
100,343,"https://images.unsplash.com/photo-1488554378835-f7acf46e6c98?ixlib=rb-1.2.1&ixid=eyJhcHBfaWQiOjEyMDd9&auto=format&fit=crop&w=1651&q=80"
101,346,"https://images.unsplash.com/photo-1513531926349-466f15ec8cc7?ixlib=rb-1.2.1&ixid=eyJhcHBfaWQiOjEyMDd9&auto=format&fit=crop&w=1650&q=80"
102,352,"https://images.unsplash.com/photo-1516684810863-e49c82f1f092?ixlib=rb-1.2.1&ixid=eyJhcHBfaWQiOjEyMDd9&auto=format&fit=crop&w=965&q=80"
103,355,"https://images.unsplash.com/photo-1534550017194-5df79ed78967?ixlib=rb-1.2.1&ixid=eyJhcHBfaWQiOjEyMDd9&auto=format&fit=crop&w=1000&q=80"
104,357,"https://images.unsplash.com/photo-1552902865-b72c031ac5ea?ixlib=rb-1.2.1&ixid=eyJhcHBfaWQiOjEyMDd9&auto=format&fit=crop&w=668&q=80"
105,361,"https://images.unsplash.com/photo-1465877783223-4eba513e27c6?ixlib=rb-1.2.1&ixid=eyJhcHBfaWQiOjEyMDd9&auto=format&fit=crop&w=1650&q=80"
106,363,"https://images.unsplash.com/photo-1541444446610-749d3299b35e?ixlib=rb-1.2.1&ixid=eyJhcHBfaWQiOjEyMDd9&auto=format&fit=crop&w=1650&q=80"
107,365,"https://images.unsplash.com/photo-1531091087823-cb600a47ab79?ixlib=rb-1.2.1&auto=format&fit=crop&w=668&q=80"
108,368,"https://images.unsplash.com/photo-1553830591-d8632a99e6ff?ixlib=rb-1.2.1&auto=format&fit=crop&w=1511&q=80"
109,370,"https://images.unsplash.com/photo-1546367791-e7447b431084?ixlib=rb-1.2.1&ixid=eyJhcHBfaWQiOjEyMDd9&auto=format&fit=crop&w=1650&q=80"
110,374,"https://images.unsplash.com/photo-1499714832275-d6205d94c35d?ixlib=rb-1.2.1&ixid=eyJhcHBfaWQiOjEyMDd9&auto=format&fit=crop&w=668&q=80"
111,376,"https://images.unsplash.com/photo-1553830591-d8632a99e6ff?ixlib=rb-1.2.1&auto=format&fit=crop&w=1511&q=80"
112,388,"https://images.unsplash.com/photo-1517278322228-3fe7a86cf6f0?ixlib=rb-1.2.1&auto=format&fit=crop&w=1567&q=80"
113,390,"https://images.unsplash.com/photo-1470434767159-ac7bf1b43351?ixlib=rb-1.2.1&ixid=eyJhcHBfaWQiOjEyMDd9&auto=format&fit=crop&w=668&q=80"
114,408,"https://images.unsplash.com/photo-1548369735-f548cbe6a294?ixlib=rb-1.2.1&ixid=eyJhcHBfaWQiOjEyMDd9&auto=format&fit=crop&w=977&q=80"
115,409,"https://images.unsplash.com/photo-1512023983263-7e94bf6b913e?ixlib=rb-1.2.1&ixid=eyJhcHBfaWQiOjEyMDd9&auto=format&fit=crop&w=1650&q=80"
116,416,"https://images.unsplash.com/photo-1513531926349-466f15ec8cc7?ixlib=rb-1.2.1&ixid=eyJhcHBfaWQiOjEyMDd9&auto=format&fit=crop&w=1650&q=80"
117,417,"https://images.unsplash.com/photo-1544376664-80b17f09d399?ixlib=rb-1.2.1&ixid=eyJhcHBfaWQiOjEyMDd9&auto=format&fit=crop&w=1525&q=80"
118,418,"https://images.unsplash.com/photo-1519862170344-6cd5e49cb996?ixlib=rb-1.2.1&ixid=eyJhcHBfaWQiOjEyMDd9&auto=format&fit=crop&w=1650&q=80"
119,419,"https://images.unsplash.com/photo-1526948128573-703ee1aeb6fa?ixlib=rb-1.2.1&auto=format&fit=crop&w=1650&q=80"
120,423,"https://images.unsplash.com/photo-1526948128573-703ee1aeb6fa?ixlib=rb-1.2.1&auto=format&fit=crop&w=1650&q=80"
121,426,"https://images.unsplash.com/photo-1557804506-669a67965ba0?ixlib=rb-1.2.1&ixid=eyJhcHBfaWQiOjEyMDd9&auto=format&fit=crop&w=1567&q=80"
122,431,"https://images.unsplash.com/photo-1547597456-4c18a06d9073?ixlib=rb-1.2.1&ixid=eyJhcHBfaWQiOjEyMDd9&auto=format&fit=crop&w=668&q=80"
123,437,"https://images.unsplash.com/photo-1465877783223-4eba513e27c6?ixlib=rb-1.2.1&ixid=eyJhcHBfaWQiOjEyMDd9&auto=format&fit=crop&w=1650&q=80"
124,438,"https://images.unsplash.com/photo-1517278322228-3fe7a86cf6f0?ixlib=rb-1.2.1&auto=format&fit=crop&w=1567&q=80"
125,441,"https://images.unsplash.com/photo-1562542119-19d015b93c45?ixlib=rb-1.2.1&ixid=eyJhcHBfaWQiOjEyMDd9&auto=format&fit=crop&w=2057&q=80"
126,442,"https://images.unsplash.com/photo-1560095633-6803ba0461cd?ixlib=rb-1.2.1&auto=format&fit=crop&w=2734&q=80"
127,446,"https://images.unsplash.com/photo-1482876555840-f31c5ebbff1c?ixlib=rb-1.2.1&ixid=eyJhcHBfaWQiOjEyMDd9&auto=format&fit=crop&w=1651&q=80"
128,448,"https://images.unsplash.com/photo-1562542119-19d015b93c45?ixlib=rb-1.2.1&ixid=eyJhcHBfaWQiOjEyMDd9&auto=format&fit=crop&w=2057&q=80"
129,449,"https://images.unsplash.com/photo-1553830591-d8632a99e6ff?ixlib=rb-1.2.1&auto=format&fit=crop&w=1511&q=80"
130,450,"https://images.unsplash.com/photo-1533779183510-8f55a55f15c1?ixlib=rb-1.2.1&ixid=eyJhcHBfaWQiOjEyMDd9&auto=format&fit=crop&w=668&q=80"
131,451,"https://images.unsplash.com/photo-1490427712608-588e68359dbd?ixlib=rb-1.2.1&ixid=eyJhcHBfaWQiOjEyMDd9&auto=format&fit=crop&w=1650&q=80"
132,454,"https://images.unsplash.com/photo-1534550017194-5df79ed78967?ixlib=rb-1.2.1&ixid=eyJhcHBfaWQiOjEyMDd9&auto=format&fit=crop&w=1000&q=80"
133,462,"https://images.unsplash.com/photo-1523296357416-a4b3c4b9ee65?ixlib=rb-1.2.1&ixid=eyJhcHBfaWQiOjEyMDd9&auto=format&fit=crop&w=1650&q=80"
134,467,"https://images.unsplash.com/photo-1556304653-cba65c59b3c5?ixlib=rb-1.2.1&ixid=eyJhcHBfaWQiOjEyMDd9&auto=format&fit=crop&w=2761&q=80"
135,472,"https://images.unsplash.com/photo-1473396413399-6717ef7c4093?ixlib=rb-1.2.1&ixid=eyJhcHBfaWQiOjEyMDd9&auto=format&fit=crop&w=1650&q=80"
136,473,"https://images.unsplash.com/photo-1557804506-669a67965ba0?ixlib=rb-1.2.1&ixid=eyJhcHBfaWQiOjEyMDd9&auto=format&fit=crop&w=1567&q=80"
137,496,"https://images.unsplash.com/photo-1536181211993-cf4b2c100475?ixlib=rb-1.2.1&ixid=eyJhcHBfaWQiOjEyMDd9&auto=format&fit=crop&w=668&q=80"
138,497,"https://images.unsplash.com/photo-1525896650794-60ad4ec40d0e?ixlib=rb-1.2.1&ixid=eyJhcHBfaWQiOjEyMDd9&auto=format&fit=crop&w=1650&q=80"
139,502,"https://images.unsplash.com/photo-1482876555840-f31c5ebbff1c?ixlib=rb-1.2.1&ixid=eyJhcHBfaWQiOjEyMDd9&auto=format&fit=crop&w=1651&q=80"
140,505,"https://images.unsplash.com/photo-1552904219-f4b87efe8792?ixlib=rb-1.2.1&ixid=eyJhcHBfaWQiOjEyMDd9&auto=format&fit=crop&w=666&q=80"
141,506,"https://images.unsplash.com/photo-1428790031246-698d71b6fe3f?ixlib=rb-1.2.1&ixid=eyJhcHBfaWQiOjEyMDd9&auto=format&fit=crop&w=1650&q=80"
142,507,"https://images.unsplash.com/photo-1531091087823-cb600a47ab79?ixlib=rb-1.2.1&auto=format&fit=crop&w=668&q=80"
143,509,"https://images.unsplash.com/photo-1541214880206-03318856c6c9?ixlib=rb-1.2.1&ixid=eyJhcHBfaWQiOjEyMDd9&auto=format&fit=crop&w=668&q=80"
144,510,"https://images.unsplash.com/photo-1536830220630-ce146cccac84?ixlib=rb-1.2.1&auto=format&fit=crop&w=1650&q=80"
145,511,"https://images.unsplash.com/photo-1507920676663-3b72429774ff?ixlib=rb-1.2.1&auto=format&fit=crop&w=1567&q=80"
146,512,"https://images.unsplash.com/photo-1558118070-09ba9a9efb2d?ixlib=rb-1.2.1&ixid=eyJhcHBfaWQiOjEyMDd9&auto=format&fit=crop&w=668&q=80"
147,517,"https://images.unsplash.com/photo-1448526478325-616f2b15b04e?ixlib=rb-1.2.1&ixid=eyJhcHBfaWQiOjEyMDd9&auto=format&fit=crop&w=1567&q=80"
148,525,"https://images.unsplash.com/photo-1551506448-074afa034c05?ixlib=rb-1.2.1&ixid=eyJhcHBfaWQiOjEyMDd9&auto=format&fit=crop&w=938&q=80"
149,533,"https://images.unsplash.com/photo-1532543491484-63e29b3c1f5d?ixlib=rb-1.2.1&ixid=eyJhcHBfaWQiOjEyMDd9&auto=format&fit=crop&w=1000&q=80"
150,537,"https://images.unsplash.com/photo-1531091087823-cb600a47ab79?ixlib=rb-1.2.1&auto=format&fit=crop&w=668&q=80"
151,538,"https://images.unsplash.com/photo-1513531926349-466f15ec8cc7?ixlib=rb-1.2.1&ixid=eyJhcHBfaWQiOjEyMDd9&auto=format&fit=crop&w=1650&q=80"
152,540,"https://images.unsplash.com/photo-1558118070-09ba9a9efb2d?ixlib=rb-1.2.1&ixid=eyJhcHBfaWQiOjEyMDd9&auto=format&fit=crop&w=668&q=80"
153,542,"https://images.unsplash.com/photo-1544131750-2985d621da30?ixlib=rb-1.2.1&ixid=eyJhcHBfaWQiOjEyMDd9&auto=format&fit=crop&w=666&q=80"
154,544,"https://images.unsplash.com/photo-1516199707327-5399434d0aa4?ixlib=rb-1.2.1&ixid=eyJhcHBfaWQiOjEyMDd9&auto=format&fit=crop&w=1083&q=80"
155,548,"https://images.unsplash.com/photo-1512521952190-7e1a47820ff4?ixlib=rb-1.2.1&ixid=eyJhcHBfaWQiOjEyMDd9&auto=format&fit=crop&w=978&q=80"
156,551,"https://images.unsplash.com/photo-1530073391204-7b34a1497281?ixlib=rb-1.2.1&ixid=eyJhcHBfaWQiOjEyMDd9&auto=format&fit=crop&w=1650&q=80"
157,556,"https://images.unsplash.com/photo-1527522883525-97119bfce82d?ixlib=rb-1.2.1&auto=format&fit=crop&w=668&q=80"
158,564,"https://images.unsplash.com/photo-1553830591-d8632a99e6ff?ixlib=rb-1.2.1&auto=format&fit=crop&w=1511&q=80"
159,567,"https://images.unsplash.com/uploads/1412198532414025532c0/6a31309c?ixlib=rb-1.2.1&ixid=eyJhcHBfaWQiOjEyMDd9&auto=format&fit=crop&w=1600&q=80"
160,571,"https://images.unsplash.com/photo-1462833867037-0f06eab31cc4?ixlib=rb-1.2.1&ixid=eyJhcHBfaWQiOjEyMDd9&auto=format&fit=crop&w=2850&q=80"
161,574,"https://images.unsplash.com/photo-1422557379185-474fa15bf770?ixlib=rb-1.2.1&ixid=eyJhcHBfaWQiOjEyMDd9&auto=format&fit=crop&w=1650&q=80"
162,575,"https://images.unsplash.com/photo-1513531926349-466f15ec8cc7?ixlib=rb-1.2.1&ixid=eyJhcHBfaWQiOjEyMDd9&auto=format&fit=crop&w=1650&q=80"
163,576,"https://images.unsplash.com/photo-1519857609704-61e751edba25?ixlib=rb-1.2.1&ixid=eyJhcHBfaWQiOjEyMDd9&auto=format&fit=crop&w=668&q=80"
164,577,"https://images.unsplash.com/photo-1470282312847-28b943046dc1?ixlib=rb-1.2.1&ixid=eyJhcHBfaWQiOjEyMDd9&auto=format&fit=crop&w=1652&q=80"
165,578,"https://images.unsplash.com/photo-1554774853-d50f9c681ae2?ixlib=rb-1.2.1&ixid=eyJhcHBfaWQiOjEyMDd9&auto=format&fit=crop&w=1651&q=80"
166,582,"https://images.unsplash.com/photo-1499714832275-d6205d94c35d?ixlib=rb-1.2.1&ixid=eyJhcHBfaWQiOjEyMDd9&auto=format&fit=crop&w=668&q=80"
167,583,"https://images.unsplash.com/photo-1488554378835-f7acf46e6c98?ixlib=rb-1.2.1&ixid=eyJhcHBfaWQiOjEyMDd9&auto=format&fit=crop&w=1651&q=80"
168,584,"https://images.unsplash.com/photo-1557804506-669a67965ba0?ixlib=rb-1.2.1&ixid=eyJhcHBfaWQiOjEyMDd9&auto=format&fit=crop&w=1567&q=80"
169,587,"https://images.unsplash.com/photo-1562542132-8555e1b583f3?ixlib=rb-1.2.1&auto=format&fit=crop&w=2057&q=80"
170,590,"https://images.unsplash.com/photo-1449505278894-297fdb3edbc1?ixlib=rb-1.2.1&auto=format&fit=crop&w=1650&q=80"
171,592,"https://images.unsplash.com/photo-1507920676663-3b72429774ff?ixlib=rb-1.2.1&auto=format&fit=crop&w=1567&q=80"
172,598,"https://images.unsplash.com/photo-1518687338977-a84d3086a934?ixlib=rb-1.2.1&ixid=eyJhcHBfaWQiOjEyMDd9&auto=format&fit=crop&w=652&q=80"
173,599,"https://images.unsplash.com/photo-1477420143023-6a0e0b04b69a?ixlib=rb-1.2.1&ixid=eyJhcHBfaWQiOjEyMDd9&auto=format&fit=crop&w=1650&q=80"
174,602,"https://images.unsplash.com/photo-1519857609704-61e751edba25?ixlib=rb-1.2.1&ixid=eyJhcHBfaWQiOjEyMDd9&auto=format&fit=crop&w=668&q=80"
175,608,"https://images.unsplash.com/photo-1530073391204-7b34a1497281?ixlib=rb-1.2.1&ixid=eyJhcHBfaWQiOjEyMDd9&auto=format&fit=crop&w=1650&q=80"
176,611,"https://images.unsplash.com/photo-1562542082-519ebcdb43e6?ixlib=rb-1.2.1&ixid=eyJhcHBfaWQiOjEyMDd9&auto=format&fit=crop&w=2057&q=80"
177,612,"https://images.unsplash.com/photo-1557760257-b02421ae77fe?ixlib=rb-1.2.1&ixid=eyJhcHBfaWQiOjEyMDd9&auto=format&fit=crop&w=2089&q=80"
178,614,"https://images.unsplash.com/photo-1454177643390-7f100d1bbeec?ixlib=rb-1.2.1&ixid=eyJhcHBfaWQiOjEyMDd9&auto=format&fit=crop&w=1650&q=80"
179,617,"https://images.unsplash.com/photo-1506932248762-69d978912b80?ixlib=rb-1.2.1&auto=format&fit=crop&w=2089&q=80"
180,618,"https://images.unsplash.com/photo-1524604519054-2365ac11e431?ixlib=rb-1.2.1&ixid=eyJhcHBfaWQiOjEyMDd9&auto=format&fit=crop&w=975&q=80"
181,620,"https://images.unsplash.com/photo-1498168208808-4c2706938a2f?ixlib=rb-1.2.1&ixid=eyJhcHBfaWQiOjEyMDd9&auto=format&fit=crop&w=1001&q=80"
182,625,"https://images.unsplash.com/photo-1553830591-2f39e38a013c?ixlib=rb-1.2.1&auto=format&fit=crop&w=2760&q=80"
183,630,"https://images.unsplash.com/photo-1526948128573-703ee1aeb6fa?ixlib=rb-1.2.1&auto=format&fit=crop&w=1650&q=80"
184,632,"https://images.unsplash.com/photo-1499013819532-e4ff41b00669?ixlib=rb-1.2.1&ixid=eyJhcHBfaWQiOjEyMDd9&auto=format&fit=crop&w=1100&q=80"
185,633,"https://images.unsplash.com/photo-1422557379185-474fa15bf770?ixlib=rb-1.2.1&ixid=eyJhcHBfaWQiOjEyMDd9&auto=format&fit=crop&w=1650&q=80"
186,643,"https://images.unsplash.com/photo-1513531926349-466f15ec8cc7?ixlib=rb-1.2.1&ixid=eyJhcHBfaWQiOjEyMDd9&auto=format&fit=crop&w=1650&q=80"
187,644,"https://images.unsplash.com/photo-1488778578932-0f84d315fcae?ixlib=rb-1.2.1&ixid=eyJhcHBfaWQiOjEyMDd9&auto=format&fit=crop&w=658&q=80"
188,651,"https://images.unsplash.com/photo-1479756212843-6314ad5121dd?ixlib=rb-1.2.1&ixid=eyJhcHBfaWQiOjEyMDd9&auto=format&fit=crop&w=1650&q=80"
189,655,"https://images.unsplash.com/photo-1560095633-6803ba0461cd?ixlib=rb-1.2.1&auto=format&fit=crop&w=2734&q=80"
190,659,"https://images.unsplash.com/photo-1526948128573-703ee1aeb6fa?ixlib=rb-1.2.1&auto=format&fit=crop&w=1650&q=80"
191,664,"https://images.unsplash.com/photo-1449505278894-297fdb3edbc1?ixlib=rb-1.2.1&auto=format&fit=crop&w=1650&q=80"
192,665,"https://images.unsplash.com/photo-1517720359744-6d12f8a09b10?ixlib=rb-1.2.1&ixid=eyJhcHBfaWQiOjEyMDd9&auto=format&fit=crop&w=1567&q=80"
193,667,"https://images.unsplash.com/photo-1530821875964-91927b611bad?ixlib=rb-1.2.1&ixid=eyJhcHBfaWQiOjEyMDd9&auto=format&fit=crop&w=1650&q=80"
194,668,"https://images.unsplash.com/photo-1511766566737-1740d1da79be?ixlib=rb-1.2.1&auto=format&fit=crop&w=1650&q=80"
195,671,"https://images.unsplash.com/photo-1523296357416-a4b3c4b9ee65?ixlib=rb-1.2.1&ixid=eyJhcHBfaWQiOjEyMDd9&auto=format&fit=crop&w=1650&q=80"
196,675,"https://images.unsplash.com/photo-1530821875964-91927b611bad?ixlib=rb-1.2.1&ixid=eyJhcHBfaWQiOjEyMDd9&auto=format&fit=crop&w=1650&q=80"
197,677,"https://images.unsplash.com/photo-1490427712608-588e68359dbd?ixlib=rb-1.2.1&ixid=eyJhcHBfaWQiOjEyMDd9&auto=format&fit=crop&w=1650&q=80"
198,686,"https://images.unsplash.com/photo-1553830591-d8632a99e6ff?ixlib=rb-1.2.1&auto=format&fit=crop&w=1511&q=80"
199,687,"https://images.unsplash.com/photo-1451256656121-9ffc0c898a49?ixlib=rb-1.2.1&auto=format&fit=crop&w=1650&q=80"
